{"cameraMode":{"drawMode":0,"name":"Shaded","section":"Shading Mode"},"sceneLighting":false,"audioPlay":false,"sceneViewState":{"showFog":true,"showMaterialUpdate":false,"showSkybox":false,"showFlares":true,"showImageEffects":true,"showParticleSystems":true},"in2DMode":false,"pivot":{"x":0.7089865207672119,"y":0.08545085787773133,"z":0.06360717117786408},"rotation":{"x":0.1058940514922142,"y":-0.6468505859375,"z":0.09136907756328583,"w":0.7496814727783203},"size":0.4920453727245331,"orthographic":true}