{"cameraMode":{"drawMode":0,"name":"Shaded","section":"Shading Mode"},"sceneLighting":false,"audioPlay":false,"sceneViewState":{"showFog":true,"showMaterialUpdate":false,"showSkybox":false,"showFlares":true,"showImageEffects":true,"showParticleSystems":true},"in2DMode":false,"pivot":{"x":0.02439992129802704,"y":0.0195498988032341,"z":-0.07140583544969559},"rotation":{"x":-0.21386855840682984,"y":0.0813603475689888,"z":0.9733080863952637,"w":0.017878156155347825},"size":0.15855850279331208,"orthographic":true}